{"start_time": 1684881272.308994, "end_time": 1684881274.624149, "elapsed_time": 2.315155029296875}
{"start_time": 1684881274.624149, "end_time": 1684881274.625651, "elapsed_time": 0.0005259513854980469}
