{"start_time": 1684861811.3893492, "end_time": 1684861814.93745, "elapsed_time": 3.548100709915161}
{"start_time": 1684861814.93745, "end_time": 1684861814.9376059, "elapsed_time": 0.00013709068298339844}
{"start_time": 1684861824.526318, "end_time": 1684861828.009305, "elapsed_time": 3.4829869270324707}
{"start_time": 1684861828.009305, "end_time": 1684861828.00971, "elapsed_time": 0.0002779960632324219}
{"start_time": 1684861859.4672241, "end_time": 1684861867.0426528, "elapsed_time": 7.57542872428894}
{"start_time": 1684861867.0426528, "end_time": 1684861867.042733, "elapsed_time": 6.29425048828125e-05}
{"start_time": 1684861871.641322, "end_time": 1684861878.915217, "elapsed_time": 7.273895025253296}
{"start_time": 1684861878.915217, "end_time": 1684861878.915561, "elapsed_time": 0.00012421607971191406}
{"start_time": 1684861980.793489, "end_time": 1684861983.889378, "elapsed_time": 3.095889091491699}
{"start_time": 1684861983.889378, "end_time": 1684861983.889535, "elapsed_time": 0.00013494491577148438}
