{"start_time": 1684861811.3893492, "end_time": 1684861814.93745, "elapsed_time": 3.548100709915161}
{"start_time": 1684861814.93745, "end_time": 1684861814.9376059, "elapsed_time": 0.00013709068298339844}
{"start_time": 1684861824.526318, "end_time": 1684861828.009305, "elapsed_time": 3.4829869270324707}
{"start_time": 1684861828.009305, "end_time": 1684861828.00971, "elapsed_time": 0.0002779960632324219}
{"start_time": 1684861859.4672241, "end_time": 1684861867.0426528, "elapsed_time": 7.57542872428894}
{"start_time": 1684861867.0426528, "end_time": 1684861867.042733, "elapsed_time": 6.29425048828125e-05}
{"start_time": 1684861871.641322, "end_time": 1684861878.915217, "elapsed_time": 7.273895025253296}
{"start_time": 1684861878.915217, "end_time": 1684861878.915561, "elapsed_time": 0.00012421607971191406}
{"start_time": 1684861980.793489, "end_time": 1684861983.889378, "elapsed_time": 3.095889091491699}
{"start_time": 1684861983.889378, "end_time": 1684861983.889535, "elapsed_time": 0.00013494491577148438}
{"start_time": 1684862601.048939, "end_time": 1684862604.504879, "elapsed_time": 3.455940008163452}
{"start_time": 1684862604.504879, "end_time": 1684862604.50503, "elapsed_time": 0.00012993812561035156}
{"start_time": 1684862608.8322802, "end_time": 1684862612.192518, "elapsed_time": 3.3602378368377686}
{"start_time": 1684862612.192518, "end_time": 1684862612.192715, "elapsed_time": 0.00015306472778320312}
{"start_time": 1684862623.73674, "end_time": 1684862627.084918, "elapsed_time": 3.348177909851074}
{"start_time": 1684862627.084918, "end_time": 1684862627.085315, "elapsed_time": 0.00033092498779296875}
{"start_time": 1684863198.922957, "end_time": 1684863202.145246, "elapsed_time": 3.2222890853881836}
{"start_time": 1684863202.145246, "end_time": 1684863202.1454642, "elapsed_time": 0.00014400482177734375}
{"start_time": 1684863207.922603, "end_time": 1684863211.139425, "elapsed_time": 3.2168221473693848}
{"start_time": 1684863211.139425, "end_time": 1684863211.140268, "elapsed_time": 0.0007739067077636719}
{"start_time": 1684863758.7659252, "end_time": 1684863762.261313, "elapsed_time": 3.4953877925872803}
{"start_time": 1684863762.261313, "end_time": 1684863762.261469, "elapsed_time": 5.793571472167969e-05}
{"start_time": 1684863772.404365, "end_time": 1684863775.805449, "elapsed_time": 3.4010839462280273}
{"start_time": 1684863775.805449, "end_time": 1684863775.8062289, "elapsed_time": 0.000701904296875}
